{
    "1": {
        "code": "GALR210214",
        "name": "Gale Reef",
        "length": "4 nights / 5 days",
        "start": "2021-02-14T08:00:00Z",
        "resort": "Emerald Bay, 3 stars",
        "perPerson": "799.00",
        "image": "reef1.jpg",
        "description": "<p>Gale Reef habitant morbi tristique senectus et netus et malesuada fames ac turpis egestas. Lorem ipsum dolor sit amet, consectetuer adipiscing elit.</p>"
    },
    "2": {
        "code": "DAWR210315",
        "name": "Dawson's Reef",
        "length": "4 nights / 5 days",
        "start": "2021-03-15T08:00:00Z",
        "resort": "Blue Lagoon, 4 stars",
        "perPerson": "1199.00",
        "image": "reef2.jpg",
        "description": "<p> Dawson's Reef in sem quis dui placerat ornare. Pellentesque odio nisi, euismod in, pharetra a, ultricies in, diam. Sed arcu. Cras consequat. </p>"
    },
    "3": {
        "code": "CLAR210621",
        "name": "Claire's Reef",
        "length": "4 nights / 5 days",
        "start": "2021-06-21T08:00:00Z",
        "resort": "Coral Sands, 5 stars",
        "perPerson": "1999.00",
        "image": "reef3.jpg",
        "description": "<p> Claire's Reef habitant morbi tristique senectus et netus et malesuada fames ac turpis egestas. Vestibulum tortor quam, feugiat vitae, ultricies eget, tempor sit amet, ante. </p>"
    }
}